Code,Child Category,Parent Category
10100000,Live animals,Live Plant and Animal Material and Accessories and Supplies
10110000,Domestic pet products,Live Plant and Animal Material and Accessories and Supplies
10120000,Animal feed,Live Plant and Animal Material and Accessories and Supplies
10130000,Animal containment and habitats,Live Plant and Animal Material and Accessories and Supplies
10140000,Saddlery and harness goods,Live Plant and Animal Material and Accessories and Supplies
10150000,Seeds and bulbs and seedlings and cuttings,Live Plant and Animal Material and Accessories and Supplies
10160000,Floriculture and silviculture products,Live Plant and Animal Material and Accessories and Supplies
10170000,Fertilisers and plant nutrients and herbicides,Live Plant and Animal Material and Accessories and Supplies
10190000,Pest control products,Live Plant and Animal Material and Accessories and Supplies
11100000,Minerals and ores and metals,Mineral and Textile and Inedible Plant and Animal Materials
11110000,Earth and stone,Mineral and Textile and Inedible Plant and Animal Materials
11120000,Non edible plant and forestry products,Mineral and Textile and Inedible Plant and Animal Materials
11130000,Non edible animal products,Mineral and Textile and Inedible Plant and Animal Materials
11140000,Scrap and waste materials,Mineral and Textile and Inedible Plant and Animal Materials
11150000,Fibres and threads and yarns,Mineral and Textile and Inedible Plant and Animal Materials
11160000,Fabrics and leather materials,Mineral and Textile and Inedible Plant and Animal Materials
11170000,Alloys,Mineral and Textile and Inedible Plant and Animal Materials
11180000,Metal oxide,Mineral and Textile and Inedible Plant and Animal Materials
11190000,Metal waste and scrap,Mineral and Textile and Inedible Plant and Animal Materials
12130000,Explosive materials,Chemicals including Bio Chemicals and Gas Materials
12140000,Elements and gases,Chemicals including Bio Chemicals and Gas Materials
12160000,Additives,Chemicals including Bio Chemicals and Gas Materials
12170000,Colourants,Chemicals including Bio Chemicals and Gas Materials
12180000,Waxes and oils,Chemicals including Bio Chemicals and Gas Materials
12190000,Solvents,Chemicals including Bio Chemicals and Gas Materials
12350000,Compounds and mixtures,Chemicals including Bio Chemicals and Gas Materials
13100000,Rubber and elastomers,Resin and Rosin and Rubber and Foam and Film and Elastomeric Materials
13110000,Resins and rosins and other resin derived materials,Resin and Rosin and Rubber and Foam and Film and Elastomeric Materials
14100000,Paper materials,Paper Materials and Products
14110000,Paper products,Paper Materials and Products
14111500,Printing and writing paper,Paper Materials and Products
14111509,Stationery,Paper Materials and Products
14120000,Industrial use papers,Paper Materials and Products
14121503,Cardboard,Paper Materials and Products
15100000,Fuels,Fuels and Fuel Additives and Lubricants and Anti corrosive Materials
15110000,Gaseous fuels and additives,Fuels and Fuel Additives and Lubricants and Anti corrosive Materials
15120000,Lubricants and oils and greases and anti corrosives,Fuels and Fuel Additives and Lubricants and Anti corrosive Materials
15130000,Fuel for nuclear reactors,Fuels and Fuel Additives and Lubricants and Anti corrosive Materials
20100000,Mining and quarrying machinery and equipment,Mining and Well Drilling Machinery and Accessories
20110000,Well drilling and operation equipment,Mining and Well Drilling Machinery and Accessories
20120000,Oil and gas drilling and exploration equipment,Mining and Well Drilling Machinery and Accessories
20130000,Oil and gas drilling and operation materials,Mining and Well Drilling Machinery and Accessories
21100000,Agricultural and forestry and landscape machinery and equipment,Farming and Fishing and Forestry and Wildlife Machinery and Accessories
21110000,Fishing and aquaculture equipment,Farming and Fishing and Forestry and Wildlife Machinery and Accessories
22100000,Heavy construction machinery and equipment,Building and Construction Machinery and Accessories
23100000,Raw materials processing machinery,Industrial Manufacturing and Processing Machinery and Accessories
23120000,Textile and fabric machinery and accessories,Industrial Manufacturing and Processing Machinery and Accessories
23130000,Lapidary machinery and equipment,Industrial Manufacturing and Processing Machinery and Accessories
23140000,Leatherworking repairing machinery and equipment,Industrial Manufacturing and Processing Machinery and Accessories
23150000,Industrial process machinery and equipment and supplies,Industrial Manufacturing and Processing Machinery and Accessories
23160000,Foundry  machines and equipment and supplies,Industrial Manufacturing and Processing Machinery and Accessories
23180000,Industrial food and beverage equipment,Industrial Manufacturing and Processing Machinery and Accessories
23190000,Mixers and their parts and accessories,Industrial Manufacturing and Processing Machinery and Accessories
23200000,Mass transfer equipment,Industrial Manufacturing and Processing Machinery and Accessories
23210000,Electronic manufacturing machinery and equipment and accessories,Industrial Manufacturing and Processing Machinery and Accessories
23220000,Chicken processing machinery and equipment,Industrial Manufacturing and Processing Machinery and Accessories
23230000,Sawmilling and lumber processing machinery and equipment,Industrial Manufacturing and Processing Machinery and Accessories
24100000,Material handling machinery and equipment,Material Handling and Conditioning and Storage Machinery and their Accessories and Supplies
24102000,Shelving and storage,Material Handling and Conditioning and Storage Machinery and their Accessories and Supplies
24110000,Containers and storage,Material Handling and Conditioning and Storage Machinery and their Accessories and Supplies
24120000,Packaging materials,Material Handling and Conditioning and Storage Machinery and their Accessories and Supplies
24130000,Industrial refrigeration,Material Handling and Conditioning and Storage Machinery and their Accessories and Supplies
24140000,Packing supplies,Material Handling and Conditioning and Storage Machinery and their Accessories and Supplies
25100000,Motor vehicles,Commercial and Military and Private Vehicles and their Accessories and Components
25101500,Passenger motor vehicles,Commercial and Military and Private Vehicles and their Accessories and Components
25101600,Product and material transport vehicles,Commercial and Military and Private Vehicles and their Accessories and Components
25101700,Safety and rescue vehicles,Commercial and Military and Private Vehicles and their Accessories and Components
25101801,Motorcycles,Commercial and Military and Private Vehicles and their Accessories and Components
25101900,Specialised and recreational vehicles,Commercial and Military and Private Vehicles and their Accessories and Components
25102000,War vehicles,Commercial and Military and Private Vehicles and their Accessories and Components
25102100,Truck tractors,Commercial and Military and Private Vehicles and their Accessories and Components
25110000,Marine transport,Commercial and Military and Private Vehicles and their Accessories and Components
25111500,Commercial marine craft,Commercial and Military and Private Vehicles and their Accessories and Components
25111700,Military watercraft,Commercial and Military and Private Vehicles and their Accessories and Components
25111900,Marine craft systems and subassemblies,Commercial and Military and Private Vehicles and their Accessories and Components
25120000,Railway and tramway machinery and equipment,Commercial and Military and Private Vehicles and their Accessories and Components
25130000,Aircraft,Commercial and Military and Private Vehicles and their Accessories and Components
25131500,Powered fixed wing aircraft,Commercial and Military and Private Vehicles and their Accessories and Components
25131600,Civilian and commercial rotary wing aircraft,Commercial and Military and Private Vehicles and their Accessories and Components
25131700,Military fixed wing aircraft,Commercial and Military and Private Vehicles and their Accessories and Components
25131707,Reconnaissance or surveillance aircraft,Commercial and Military and Private Vehicles and their Accessories and Components
25131800,Specialty aircraft,Commercial and Military and Private Vehicles and their Accessories and Components
25131900,Military rotary wing aircraft,Commercial and Military and Private Vehicles and their Accessories and Components
25132000,Recreational aircraft,Commercial and Military and Private Vehicles and their Accessories and Components
25150000,Spacecraft,Commercial and Military and Private Vehicles and their Accessories and Components
25151700,Satellites,Commercial and Military and Private Vehicles and their Accessories and Components
25160000,Non motorised cycles,Commercial and Military and Private Vehicles and their Accessories and Components
25170000,Transportation components and systems,Commercial and Military and Private Vehicles and their Accessories and Components
25180000,Vehicle bodies and trailers,Commercial and Military and Private Vehicles and their Accessories and Components
25190000,Transportation services equipment,Commercial and Military and Private Vehicles and their Accessories and Components
25191500,Air transportation support systems and equipment,Commercial and Military and Private Vehicles and their Accessories and Components
25191700,Vehicle servicing equipment,Commercial and Military and Private Vehicles and their Accessories and Components
25200000,Aerospace systems and components and equipment,Commercial and Military and Private Vehicles and their Accessories and Components
25202500,Aircraft equipment,Commercial and Military and Private Vehicles and their Accessories and Components
26100000,Power sources,Power Generation and Distribution Machinery and Accessories
26110000,Batteries and generators and kinetic power transmission,Power Generation and Distribution Machinery and Accessories
26120000,Electrical wire and cable and harness,Power Generation and Distribution Machinery and Accessories
26130000,Power generation,Power Generation and Distribution Machinery and Accessories
26140000,Atomic and nuclear energy machinery and equipment,Power Generation and Distribution Machinery and Accessories
27000000,Tools and General Machinery,Tools and General Machinery
30100000,Structural materials and basic shapes,Structures and Building and Construction and Manufacturing Components and Supplies
30110000,Concrete and cement and plaster,Structures and Building and Construction and Manufacturing Components and Supplies
30120000,Roads and landscape,Structures and Building and Construction and Manufacturing Components and Supplies
30130000,Structural building products,Structures and Building and Construction and Manufacturing Components and Supplies
30140000,Insulation,Structures and Building and Construction and Manufacturing Components and Supplies
30150000,Exterior finishing materials,Structures and Building and Construction and Manufacturing Components and Supplies
30160000,Interior finishing materials,Structures and Building and Construction and Manufacturing Components and Supplies
30170000,Doors and windows and glass,Structures and Building and Construction and Manufacturing Components and Supplies
30180000,Plumbing fixtures,Structures and Building and Construction and Manufacturing Components and Supplies
30190000,Construction and maintenance support equipment,Structures and Building and Construction and Manufacturing Components and Supplies
30200000,Prefabricated structures,Structures and Building and Construction and Manufacturing Components and Supplies
30220000,Permanent structures,Structures and Building and Construction and Manufacturing Components and Supplies
30222012,Airport buildings,Structures and Building and Construction and Manufacturing Components and Supplies
30222013,Airport control tower,Structures and Building and Construction and Manufacturing Components and Supplies
30222014,Airfield,Structures and Building and Construction and Manufacturing Components and Supplies
30222015,Runway,Structures and Building and Construction and Manufacturing Components and Supplies
30222500,Accommodation structures,Structures and Building and Construction and Manufacturing Components and Supplies
30222703,Warehouse stores,Structures and Building and Construction and Manufacturing Components and Supplies
31100000,Castings,Manufacturing Components and Supplies
31110000,Extrusions,Manufacturing Components and Supplies
31120000,Machined castings,Manufacturing Components and Supplies
31130000,Forgings,Manufacturing Components and Supplies
31140000,Mouldings,Manufacturing Components and Supplies
31150000,Rope and chain and cable and wire and strap,Manufacturing Components and Supplies
31160000,Hardware,Manufacturing Components and Supplies
31170000,Bearings and bushings and wheels and gears,Manufacturing Components and Supplies
31180000,Gaskets and seals,Manufacturing Components and Supplies
31190000,Grinding and polishing and smoothing materials,Manufacturing Components and Supplies
31200000,Adhesives and sealants,Manufacturing Components and Supplies
31210000,Paints and primers and finishes,Manufacturing Components and Supplies
31220000,Dyeing and tanning extracts,Manufacturing Components and Supplies
31230000,Machined raw stock,Manufacturing Components and Supplies
31240000,Industrial optics,Manufacturing Components and Supplies
31250000,Pneumatic and hydraulic and electric control systems,Manufacturing Components and Supplies
31260000,Housings and cabinets and casings,Manufacturing Components and Supplies
31270000,Machine made parts,Manufacturing Components and Supplies
31280000,Stampings and sheet components,Manufacturing Components and Supplies
31290000,Machined extrusions,Manufacturing Components and Supplies
31300000,Machined forgings,Manufacturing Components and Supplies
31310000,Fabricated pipe assemblies,Manufacturing Components and Supplies
31320000,Fabricated bar stock assemblies,Manufacturing Components and Supplies
31330000,Fabricated structural assemblies,Manufacturing Components and Supplies
31340000,Fabricated sheet assemblies,Manufacturing Components and Supplies
31350000,Fabricated tube assemblies,Manufacturing Components and Supplies
31360000,Fabricated plate assemblies,Manufacturing Components and Supplies
31370000,Refractories,Manufacturing Components and Supplies
31380000,Magnets and magnetic materials,Manufacturing Components and Supplies
32100000,Printed circuits and integrated circuits and microassemblies,Electronic Components and Supplies
32110000,Discrete semiconductor devices,Electronic Components and Supplies
32120000,Passive discrete components,Electronic Components and Supplies
32130000,Electronic hardware and component parts and accessories,Electronic Components and Supplies
32140000,Electron tube devices and accessories,Electronic Components and Supplies
39100000,Lamps and lightbulbs and lamp components,Electrical Systems and Lighting and Components and Accessories and Supplies
39110000,Lighting and fixtures and accessories,Electrical Systems and Lighting and Components and Accessories and Supplies
39120000,Electrical equipment and components and supplies,Electrical Systems and Lighting and Components and Accessories and Supplies
40100000,Heating and ventilation and air circulation,Distribution and Conditioning Systems and Equipment and Components
40101701,Air conditioners,Distribution and Conditioning Systems and Equipment and Components
40140000,Fluid and gas distribution,Distribution and Conditioning Systems and Equipment and Components
40150000,Industrial pumps and compressors,Distribution and Conditioning Systems and Equipment and Components
40160000,Industrial filtering and purification,Distribution and Conditioning Systems and Equipment and Components
41100000,Laboratory and scientific equipment,Laboratory and Measuring and Observing and Testing Equipment
41110000,Measuring and observing and testing instruments,Laboratory and Measuring and Observing and Testing Equipment
41120000,Laboratory supplies and fixtures,Laboratory and Measuring and Observing and Testing Equipment
42000000,Medical Equipment and Accessories and Supplies,Medical Equipment and Accessories and Supplies
42120000,Veterinary equipment and supplies,Medical Equipment and Accessories and Supplies
42140000,Patient care and treatment products and supplies,Medical Equipment and Accessories and Supplies
42150000,Dental equipment and supplies,Medical Equipment and Accessories and Supplies
42170000,Emergency and field medical services products,Medical Equipment and Accessories and Supplies
42210000,Independent living aids for the physically challenged,Medical Equipment and Accessories and Supplies
42211700,Communication aids for the physically challenged,Medical Equipment and Accessories and Supplies
42240000,Orthopaedic and prosthetic and sports medicine products,Medical Equipment and Accessories and Supplies
42250000,Physical and occupational therapy and rehabilitation products,Medical Equipment and Accessories and Supplies
42260000,Postmortem and mortuary equipment and supplies,Medical Equipment and Accessories and Supplies
42270000,Respiratory and anaesthesia and resuscitation products,Medical Equipment and Accessories and Supplies
42300000,Medical training and education supplies,Medical Equipment and Accessories and Supplies
43190000,Communications Devices and Accessories,Information Technology Broadcasting and Telecommunications
43191501,Mobile phones,Information Technology Broadcasting and Telecommunications
43191510,Two way radios,Information Technology Broadcasting and Telecommunications
43200000,Components for information technology or broadcasting or telecommunications,Information Technology Broadcasting and Telecommunications
43210000,Computer Equipment and Accessories,Information Technology Broadcasting and Telecommunications
43211500,Computers,Information Technology Broadcasting and Telecommunications
43211501,Computer servers,Information Technology Broadcasting and Telecommunications
43211503,Notebook computers,Information Technology Broadcasting and Telecommunications
43211507,Desktop computers,Information Technology Broadcasting and Telecommunications
43211512,Mainframe computers,Information Technology Broadcasting and Telecommunications
43211600,Computer accessories,Information Technology Broadcasting and Telecommunications
43211711,Scanners,Information Technology Broadcasting and Telecommunications
43212100,Computer printers,Information Technology Broadcasting and Telecommunications
43220000,Data Voice or Multimedia Network Equipment or Platforms and Accessories,Information Technology Broadcasting and Telecommunications
43221500,Call management systems or accessories,Information Technology Broadcasting and Telecommunications
43222500,Network security equipment,Information Technology Broadcasting and Telecommunications
43222800,Telephony equipment,Information Technology Broadcasting and Telecommunications
43223000,Teletype equipment,Information Technology Broadcasting and Telecommunications
43230000,Software,Information Technology Broadcasting and Telecommunications
44100000,Office machines and their supplies and accessories,Office Equipment and Accessories and Supplies
44101700,Printer and photocopier and facsimile accessories,Office Equipment and Accessories and Supplies
44103100,Printer and facsimile and photocopier supplies,Office Equipment and Accessories and Supplies
44110000,Office and desk accessories,Office Equipment and Accessories and Supplies
44111515,File storage boxes or containers,Office Equipment and Accessories and Supplies
44120000,Office supplies,Office Equipment and Accessories and Supplies
45100000,Printing and publishing equipment,Printing and Photographic and Audio and Visual Equipment and Supplies
45101700,Printing accessories,Printing and Photographic and Audio and Visual Equipment and Supplies
45110000,Audio and visual presentation and composing equipment,Printing and Photographic and Audio and Visual Equipment and Supplies
45111900,Phone and video conference equipment and hardware and controllers,Printing and Photographic and Audio and Visual Equipment and Supplies
45120000,Photographic or filming or video equipment,Printing and Photographic and Audio and Visual Equipment and Supplies
45121500,Cameras,Printing and Photographic and Audio and Visual Equipment and Supplies
45121600,Camera accessories,Printing and Photographic and Audio and Visual Equipment and Supplies
45130000,Photographic and recording media,Printing and Photographic and Audio and Visual Equipment and Supplies
45131700,Media storage,Printing and Photographic and Audio and Visual Equipment and Supplies
46100000,Light weapons and ammunition,Defence and Law Enforcement and Security and Safety Equipment and Supplies
46101800,Arms and ammunition accessories,Defence and Law Enforcement and Security and Safety Equipment and Supplies
46110000,Conventional war weapons,Defence and Law Enforcement and Security and Safety Equipment and Supplies
46120000,Missiles,Defence and Law Enforcement and Security and Safety Equipment and Supplies
46130000,Rockets and subsystems,Defence and Law Enforcement and Security and Safety Equipment and Supplies
46140000,Launchers,Defence and Law Enforcement and Security and Safety Equipment and Supplies
46150000,Law enforcement,Defence and Law Enforcement and Security and Safety Equipment and Supplies
46151600,Security and control equipment,Defence and Law Enforcement and Security and Safety Equipment and Supplies
46160000,Public safety and control,Defence and Law Enforcement and Security and Safety Equipment and Supplies
46161600,Water safety,Defence and Law Enforcement and Security and Safety Equipment and Supplies
46170000,Security surveillance and detection,Defence and Law Enforcement and Security and Safety Equipment and Supplies
46171500,Locks and security hardware and accessories,Defence and Law Enforcement and Security and Safety Equipment and Supplies
46171600,Surveillance and detection equipment,Defence and Law Enforcement and Security and Safety Equipment and Supplies
46171604,Alarm systems,Defence and Law Enforcement and Security and Safety Equipment and Supplies
46171610,Security cameras,Defence and Law Enforcement and Security and Safety Equipment and Supplies
46171619,Security or access control systems,Defence and Law Enforcement and Security and Safety Equipment and Supplies
46180000,Personal safety and protection,Defence and Law Enforcement and Security and Safety Equipment and Supplies
46181500,Safety apparel,Defence and Law Enforcement and Security and Safety Equipment and Supplies
46181700,Face and head protection,Defence and Law Enforcement and Security and Safety Equipment and Supplies
46182300,Fall protection and rescue equipment,Defence and Law Enforcement and Security and Safety Equipment and Supplies
46190000,Fire protection,Defence and Law Enforcement and Security and Safety Equipment and Supplies
46191500,Fire prevention,Defence and Law Enforcement and Security and Safety Equipment and Supplies
46191600,Fire fighting equipment,Defence and Law Enforcement and Security and Safety Equipment and Supplies
47100000,Water and wastewater treatment supply and disposal,Cleaning Equipment and Supplies
47110000,Industrial laundry and dry cleaning equipment,Cleaning Equipment and Supplies
47120000,Janitorial equipment,Cleaning Equipment and Supplies
47121800,Cleaning equipment,Cleaning Equipment and Supplies
47130000,Cleaning and janitorial supplies,Cleaning Equipment and Supplies
47131703,Sanitary waste receptacles,Cleaning Equipment and Supplies
48000000,Service Industry Machinery and Equipment and Supplies,Service Industry Machinery and Equipment and Supplies
48100000,Institutional food services equipment,Service Industry Machinery and Equipment and Supplies
48110000,Vending machines,Service Industry Machinery and Equipment and Supplies
49100000,Collectibles and awards,Sports and Recreational Equipment and Supplies and Accessories
49101701,Medals,Sports and Recreational Equipment and Supplies and Accessories
49120000,Camping and outdoor equipment and accessories,Sports and Recreational Equipment and Supplies and Accessories
49130000,Fishing and hunting equipment,Sports and Recreational Equipment and Supplies and Accessories
49140000,Watersports equipment,Sports and Recreational Equipment and Supplies and Accessories
49150000,Winter sports equipment,Sports and Recreational Equipment and Supplies and Accessories
49170000,Gymnastics and boxing equipment,Sports and Recreational Equipment and Supplies and Accessories
49180000,Target and table games and equipment,Sports and Recreational Equipment and Supplies and Accessories
49200000,Fitness equipment,Sports and Recreational Equipment and Supplies and Accessories
49220000,Sports equipment and accessories,Sports and Recreational Equipment and Supplies and Accessories
49240000,Recreation and playground and swimming and spa equipment and supplies,Sports and Recreational Equipment and Supplies and Accessories
50000000,Food and Beverage Products,Food and Beverage Products
50110000,Meat and poultry products,Food and Beverage Products
50120000,Seafood,Food and Beverage Products
50130000,Dairy products and eggs,Food and Beverage Products
50170000,Seasonings and preservatives,Food and Beverage Products
50180000,Bread and bakery products,Food and Beverage Products
50190000,Prepared and preserved foods,Food and Beverage Products
50192700,Packaged combination meals,Food and Beverage Products
50200000,Beverages,Food and Beverage Products
50220000,Cereal and pulse products,Food and Beverage Products
51000000,Drugs and Pharmaceutical Products,Drugs and Pharmaceutical Products
52100000,Floor coverings,Domestic Appliances and Supplies and Consumer Electronic Products
52120000,Bedclothes and table and kitchen linen and towels,Domestic Appliances and Supplies and Consumer Electronic Products
52130000,Window treatments,Domestic Appliances and Supplies and Consumer Electronic Products
52140000,Domestic appliances,Domestic Appliances and Supplies and Consumer Electronic Products
52150000,Domestic kitchenware,Domestic Appliances and Supplies and Consumer Electronic Products
52160000,Consumer electronics,Domestic Appliances and Supplies and Consumer Electronic Products
52161500,Audio and visual equipment,Domestic Appliances and Supplies and Consumer Electronic Products
52170000,Domestic wall treatments,Domestic Appliances and Supplies and Consumer Electronic Products
53100000,Clothing,Apparel and Luggage and Personal Care Products
53102700,Uniforms,Apparel and Luggage and Personal Care Products
53110000,Footwear,Apparel and Luggage and Personal Care Products
53120000,Luggage and handbags and packs and cases,Apparel and Luggage and Personal Care Products
53130000,Personal care products,Apparel and Luggage and Personal Care Products
53140000,Sewing supplies and accessories,Apparel and Luggage and Personal Care Products
54100000,Jewellery,Timepieces and Jewellery and Gemstone Products
54110000,Timepieces,Timepieces and Jewellery and Gemstone Products
54120000,Gemstones,Timepieces and Jewellery and Gemstone Products
55100000,Printed media,Published Products
55101500,Printed publications,Published Products
55110000,Electronic reference material,Published Products
55120000,Signage and accessories,Published Products
56101500,Furniture,Furniture and Furnishings
56101700,Office furniture,Furniture and Furnishings
56110000,Commercial and industrial furniture,Furniture and Furnishings
56111500,Workstations and office packages,Furniture and Furnishings
56112005,Computer support parts or accessories,Furniture and Furnishings
56120000,Classroom and instructional and institutional furniture and fixtures,Furniture and Furnishings
60100000,Developmental and professional teaching aids and materials and accessories and supplies,Musical Instruments and Games and Toys and Arts and Crafts and Educational Equipment and Materials and Accessories and Supplies
60110000,Classroom decoratives and supplies,Musical Instruments and Games and Toys and Arts and Crafts and Educational Equipment and Materials and Accessories and Supplies
60120000,Arts and crafts equipment and accessories and supplies,Musical Instruments and Games and Toys and Arts and Crafts and Educational Equipment and Materials and Accessories and Supplies
60121000,Art,Musical Instruments and Games and Toys and Arts and Crafts and Educational Equipment and Materials and Accessories and Supplies
60130000,Musical Instruments and parts and accessories,Musical Instruments and Games and Toys and Arts and Crafts and Educational Equipment and Materials and Accessories and Supplies
60140000,Toys and games,Musical Instruments and Games and Toys and Arts and Crafts and Educational Equipment and Materials and Accessories and Supplies
70100000,Fisheries and aquaculture,Farming and Fishing and Forestry and Wildlife Contracting Services
70110000,Horticulture,Farming and Fishing and Forestry and Wildlife Contracting Services
70111705,Cemetery upkeep services,Farming and Fishing and Forestry and Wildlife Contracting Services
70120000,Livestock services,Farming and Fishing and Forestry and Wildlife Contracting Services
70130000,Land and soil preparation and management and protection,Farming and Fishing and Forestry and Wildlife Contracting Services
70131701,Land use planning,Farming and Fishing and Forestry and Wildlife Contracting Services
70140000,Crop production and management and protection,Farming and Fishing and Forestry and Wildlife Contracting Services
70150000,Forestry,Farming and Fishing and Forestry and Wildlife Contracting Services
70160000,Wildlife and flora,Farming and Fishing and Forestry and Wildlife Contracting Services
70170000,Water resources development and oversight,Farming and Fishing and Forestry and Wildlife Contracting Services
71110000,Oil and gas exploration services,Mining and oil and gas services
71120000,Well drilling and construction services,Mining and oil and gas services
71123000,Mining and oil and gas integrated services,Mining and oil and gas services
71123001,Management and provision of all facilities engineering modification and maintenance services for a site or platform,Mining and oil and gas services
71130000,Oil and gas extraction and production enhancement services,Mining and oil and gas services
71140000,Oil and gas restoration and reclamation services,Mining and oil and gas services
71150000,Oil and gas data management and processing services,Mining and oil and gas services
71160000,Oil and gas well project management services,Mining and oil and gas services
72100000,Building construction and support and maintenance and repair services,Building and Construction and Maintenance Services
72101500,Building support services,Building and Construction and Maintenance Services
72101700,Concrete work,Building and Construction and Maintenance Services
72101900,Interior finishing,Building and Construction and Maintenance Services
72101903,Finish carpentry or cabinetry,Building and Construction and Maintenance Services
72102100,Pest control,Building and Construction and Maintenance Services
72102200,Electrical services,Building and Construction and Maintenance Services
72102300,Plumbing and heating and air conditioning,Building and Construction and Maintenance Services
72102400,Painting and paper hanging,Building and Construction and Maintenance Services
72102500,Masonry and stonework and tile setting,Building and Construction and Maintenance Services
72102600,Carpentry,Building and Construction and Maintenance Services
72102700,Flooring service,Building and Construction and Maintenance Services
72102800,Refurbishing services,Building and Construction and Maintenance Services
72102900,Grounds maintenance services,Building and Construction and Maintenance Services
72103000,Site preparation services,Building and Construction and Maintenance Services
72130000,General building construction,Building and Construction and Maintenance Services
72131600,Commercial or industrial construction,Building and Construction and Maintenance Services
73100000,Plastic and chemical industries,Industrial Production and Manufacturing Services
73110000,Wood and paper industries,Industrial Production and Manufacturing Services
73120000,Metal and mineral industries,Industrial Production and Manufacturing Services
73130000,Food and beverage industries,Industrial Production and Manufacturing Services
73140000,Fibres and textiles and fabric industries,Industrial Production and Manufacturing Services
73150000,Manufacturing support services,Industrial Production and Manufacturing Services
73160000,Machinery and transport equipment manufacture,Industrial Production and Manufacturing Services
73170000,Manufacture of electrical goods and precision instruments,Industrial Production and Manufacturing Services
73180000,Machining and processing services,Industrial Production and Manufacturing Services
76100000,Decontamination services,Industrial Cleaning Services
76101602,Asbestos decontamination or removal,Industrial Cleaning Services
76110000,Cleaning and janitorial services,Industrial Cleaning Services
76111500,General building and office cleaning and maintenance services,Industrial Cleaning Services
76111506,Interior plant landscaping services,Industrial Cleaning Services
76120000,Refuse disposal and treatment,Industrial Cleaning Services
76121500,Refuse collection and disposal,Industrial Cleaning Services
76121900,Hazardous waste disposal,Industrial Cleaning Services
76130000,Toxic and hazardous waste cleanup,Industrial Cleaning Services
77100000,Environmental management,Environmental Services
77101600,Environment planning,Environmental Services
77101707,Ecological advisory services,Environmental Services
77101800,Environmental auditing,Environmental Services
77110000,Environmental protection,Environmental Services
77111500,Environmental safety services,Environmental Services
77120000,Pollution tracking and monitoring and rehabilitation,Environmental Services
77130000,Pollutants tracking and monitoring and rehabilitation services,Environmental Services
78100000,Mail and cargo transport,Transportation and Storage and Mail Services
78101604,Vehicle transport services,Transportation and Storage and Mail Services
78101804,Relocation services,Transportation and Storage and Mail Services
78102200,Postal and small parcel and courier services,Transportation and Storage and Mail Services
78102201,National postal delivery services,Transportation and Storage and Mail Services
78102202,Post office box services,Transportation and Storage and Mail Services
78102203,Mailing or mail pick up or delivery services,Transportation and Storage and Mail Services
78110000,Passenger transport,Transportation and Storage and Mail Services
78111500,Passenger air transportation,Transportation and Storage and Mail Services
78111600,Passenger railway transportation,Transportation and Storage and Mail Services
78111700,Passenger marine transportation,Transportation and Storage and Mail Services
78111800,Passenger road transportation,Transportation and Storage and Mail Services
78111804,Taxicab services,Transportation and Storage and Mail Services
78111807,Parking fees,Transportation and Storage and Mail Services
78111808,Vehicle rental,Transportation and Storage and Mail Services
78111809,Vehicle leasing,Transportation and Storage and Mail Services
78120000,Material packing and handling,Transportation and Storage and Mail Services
78121600,Material handling services,Transportation and Storage and Mail Services
78131602,File archive storage,Transportation and Storage and Mail Services
78131800,Specialised warehousing and storage,Transportation and Storage and Mail Services
78131804,Document storage services,Transportation and Storage and Mail Services
78140000,Transport operations,Transportation and Storage and Mail Services
78141501,Freight forwarders services,Transportation and Storage and Mail Services
78180000,Transportation repair or maintenance services,Transportation and Storage and Mail Services
78181500,Vehicle maintenance and repair services,Transportation and Storage and Mail Services
78181505,Vehicle inspection services,Transportation and Storage and Mail Services
78181800,Aircraft maintenance and repair services,Transportation and Storage and Mail Services
80100000,Management advisory services,Management and Business Professionals and Administrative Services
80101504,Strategic planning consultation services,Management and Business Professionals and Administrative Services
80101505,Corporate objectives or policy development,Management and Business Professionals and Administrative Services
80101506,Organisational structure consultation,Management and Business Professionals and Administrative Services
80101507,Information technology consultation services,Management and Business Professionals and Administrative Services
80101508,Business intelligence consulting services,Management and Business Professionals and Administrative Services
80101510,Risk management consultation services,Management and Business Professionals and Administrative Services
80101600,Project management,Management and Business Professionals and Administrative Services
80101601,Feasibility studies or screening of project ideas,Management and Business Professionals and Administrative Services
80101603,Economic or financial evaluation of projects,Management and Business Professionals and Administrative Services
80101604,Project administration or planning,Management and Business Professionals and Administrative Services
80101706,Professional procurement services,Management and Business Professionals and Administrative Services
80101707,Lobbying services,Management and Business Professionals and Administrative Services
80110000,Human resources services,Management and Business Professionals and Administrative Services
80111506,Personnel relocation,Management and Business Professionals and Administrative Services
80111509,Job evaluation services,Management and Business Professionals and Administrative Services
80111600,Temporary personnel services,Management and Business Professionals and Administrative Services
80111617,Architectural services,Management and Business Professionals and Administrative Services
80111700,Personnel recruitment,Management and Business Professionals and Administrative Services
80120000,Legal services,Management and Business Professionals and Administrative Services
80121600,Business law services,Management and Business Professionals and Administrative Services
80121800,Family law services,Management and Business Professionals and Administrative Services
80130000,Real estate services,Management and Business Professionals and Administrative Services
80131500,Lease and rental of property or building,Management and Business Professionals and Administrative Services
80131501,Residential rental,Management and Business Professionals and Administrative Services
80131503,Land leases,Management and Business Professionals and Administrative Services
80131600,Sale of property and building,Management and Business Professionals and Administrative Services
80131800,Real estate management services,Management and Business Professionals and Administrative Services
80140000,Marketing and distribution,Management and Business Professionals and Administrative Services
80141500,Market research,Management and Business Professionals and Administrative Services
80141600,Sales and business promotion activities,Management and Business Professionals and Administrative Services
80141602,Public relation services,Management and Business Professionals and Administrative Services
80141604,Branding of product naming services,Management and Business Professionals and Administrative Services
80141605,Promotional merchandise,Management and Business Professionals and Administrative Services
80141607,Events management,Management and Business Professionals and Administrative Services
80141609,Sponsorship of event or celebrity,Management and Business Professionals and Administrative Services
80141611,Official gift services,Management and Business Professionals and Administrative Services
80141700,Distribution,Management and Business Professionals and Administrative Services
80141800,Mailing services,Management and Business Professionals and Administrative Services
80141900,Trade shows and exhibits,Management and Business Professionals and Administrative Services
80150000,Trade policy and services,Management and Business Professionals and Administrative Services
80160000,Business administration services,Management and Business Professionals and Administrative Services
80161500,Management support services,Management and Business Professionals and Administrative Services
80161505,Fleet management services,Management and Business Professionals and Administrative Services
80161507,Audio visual services,Management and Business Professionals and Administrative Services
80161508,Document destruction services,Management and Business Professionals and Administrative Services
80161601,Property management services,Management and Business Professionals and Administrative Services
80161800,Office equipment rental or leasing services,Management and Business Professionals and Administrative Services
81100000,Professional engineering services,Engineering and Research and Technology Based Services
81101500,Civil engineering,Engineering and Research and Technology Based Services
81101508,Architectural engineering,Engineering and Research and Technology Based Services
81102300,Aeronautical engineering,Engineering and Research and Technology Based Services
81110000,Computer services,Engineering and Research and Technology Based Services
81111000,Forensic IT Services,Engineering and Research and Technology Based Services
81111500,Software or hardware engineering,Engineering and Research and Technology Based Services
81111508,Application implementation services,Engineering and Research and Technology Based Services
81111600,Computer programmers,Engineering and Research and Technology Based Services
81111700,Management information systems MIS,Engineering and Research and Technology Based Services
81111800,System administrators,Engineering and Research and Technology Based Services
81111812,Computer hardware maintenance or support,Engineering and Research and Technology Based Services
81111814,Infrastructure as a Service (IaaS - Cloud),Engineering and Research and Technology Based Services
81111900,Information retrieval systems,Engineering and Research and Technology Based Services
81112000,Data services,Engineering and Research and Technology Based Services
81112002,Data processing or preparation services,Engineering and Research and Technology Based Services
81112100,Internet services,Engineering and Research and Technology Based Services
81112200,Software maintenance and support,Engineering and Research and Technology Based Services
81112201,Maintenance or support fees,Engineering and Research and Technology Based Services
81112400,Platform as a Service (PaaS - Cloud),Engineering and Research and Technology Based Services
81112500,Software as a Service (SaaS - Cloud),Engineering and Research and Technology Based Services
81120000,Economics,Engineering and Research and Technology Based Services
81121500,Economic analysis,Engineering and Research and Technology Based Services
81130000,Statistics,Engineering and Research and Technology Based Services
81140000,Manufacturing technologies,Engineering and Research and Technology Based Services
81141801,Safety or risk analysis,Engineering and Research and Technology Based Services
81150000,Earth science services,Engineering and Research and Technology Based Services
81151601,Mapping,Engineering and Research and Technology Based Services
82100000,Advertising,Editorial and Design and Graphic and Fine Art Services
82101504,Newspaper advertising,Editorial and Design and Graphic and Fine Art Services
82101600,Broadcast advertising,Editorial and Design and Graphic and Fine Art Services
82101601,Radio advertising,Editorial and Design and Graphic and Fine Art Services
82101602,Television advertising,Editorial and Design and Graphic and Fine Art Services
82111500,Technical writing,Editorial and Design and Graphic and Fine Art Services
82111603,Court reporting services,Editorial and Design and Graphic and Fine Art Services
82111604,Transcribing services,Editorial and Design and Graphic and Fine Art Services
82111800,Editorial and support services,Editorial and Design and Graphic and Fine Art Services
82111804,Written translation services,Editorial and Design and Graphic and Fine Art Services
82111900,News and publicity services,Editorial and Design and Graphic and Fine Art Services
82120000,Reproduction services,Editorial and Design and Graphic and Fine Art Services
82121500,Printing,Editorial and Design and Graphic and Fine Art Services
82121505,Promotional or advertising printing,Editorial and Design and Graphic and Fine Art Services
82121506,Publication printing,Editorial and Design and Graphic and Fine Art Services
82121600,Engraving,Editorial and Design and Graphic and Fine Art Services
82121700,Photocopying,Editorial and Design and Graphic and Fine Art Services
82121800,Publishing,Editorial and Design and Graphic and Fine Art Services
82121900,Bookbinding,Editorial and Design and Graphic and Fine Art Services
82130000,Photographic services,Editorial and Design and Graphic and Fine Art Services
82140000,Graphic design,Editorial and Design and Graphic and Fine Art Services
82141501,Layout or graphics editing services,Editorial and Design and Graphic and Fine Art Services
82150000,Professional artists and performers,Editorial and Design and Graphic and Fine Art Services
82151500,Visual art services,Editorial and Design and Graphic and Fine Art Services
83100000,Utilities,Public Utilities and Public Sector Related Services
83101500,Water and sewer utilities,Public Utilities and Public Sector Related Services
83101506,Water treatment services,Public Utilities and Public Sector Related Services
83101600,Oil and gas utilities,Public Utilities and Public Sector Related Services
83101800,Electric utilities,Public Utilities and Public Sector Related Services
83101900,Energy conservation,Public Utilities and Public Sector Related Services
83102000,Funeral services,Public Utilities and Public Sector Related Services
83110000,Telecommunications media services,Public Utilities and Public Sector Related Services
83111500,Local and long distance telephone communications,Public Utilities and Public Sector Related Services
83111600,Mobile communications services,Public Utilities and Public Sector Related Services
83112200,Enhanced telecommunications services,Public Utilities and Public Sector Related Services
83120000,Information services,Public Utilities and Public Sector Related Services
83121604,Online database information retrieval systems,Public Utilities and Public Sector Related Services
84100000,Development finance,Financial and Insurance Services
84101600,Aid financing,Financial and Insurance Services
84101700,Debt management,Financial and Insurance Services
84111500,Accounting services,Financial and Insurance Services
84111600,Audit services,Financial and Insurance Services
84111603,Internal audits,Financial and Insurance Services
84120000,Banking and investment,Financial and Insurance Services
84130000,Insurance and retirement services,Financial and Insurance Services
84131500,Insurance services for structures and property and possessions,Financial and Insurance Services
84131800,Retirement funds,Financial and Insurance Services
84140000,Credit agencies,Financial and Insurance Services
84141602,Credit card service providers,Financial and Insurance Services
85100000,Comprehensive health services,Healthcare Services
85101600,Healthcare provider support persons,Healthcare Services
85101700,Health administration services,Healthcare Services
85110000,Disease prevention and control,Healthcare Services
85120000,Medical practice,Healthcare Services
85121608,Psychologists services,Healthcare Services
85122100,Rehabilitation services,Healthcare Services
85122200,Individual health screening and assessment services,Healthcare Services
85130000,Medical science research and experimentation,Healthcare Services
85140000,Alternative and holistic medicine,Healthcare Services
85150000,Food and nutrition services,Healthcare Services
86000000,Education and Training Services,Education and Training Services
86101803,Vocational rehabilitation services,Education and Training Services
86141704,Library or documentation services,Education and Training Services
90100000,Restaurants and catering,Travel and Food and Lodging and Entertainment Services
90101600,Banquet and catering services,Travel and Food and Lodging and Entertainment Services
90101700,Cafeteria services,Travel and Food and Lodging and Entertainment Services
90110000,Hotels and lodging and meeting facilities,Travel and Food and Lodging and Entertainment Services
90111500,Hotels and motels and inns,Travel and Food and Lodging and Entertainment Services
90111600,Meeting facilities,Travel and Food and Lodging and Entertainment Services
90111601,Conference centres,Travel and Food and Lodging and Entertainment Services
90111603,Meeting or banquet rooms,Travel and Food and Lodging and Entertainment Services
90111800,Hotel rooms,Travel and Food and Lodging and Entertainment Services
90120000,Travel facilitation,Travel and Food and Lodging and Entertainment Services
90121500,Travel agents,Travel and Food and Lodging and Entertainment Services
90121702,Interpreters,Travel and Food and Lodging and Entertainment Services
90130000,Performing arts,Travel and Food and Lodging and Entertainment Services
90140000,Commercial sports,Travel and Food and Lodging and Entertainment Services
90141503,Exhibitions,Travel and Food and Lodging and Entertainment Services
90150000,Entertainment services,Travel and Food and Lodging and Entertainment Services
91100000,Personal appearance,Personal and Domestic Services
91110000,Domestic and personal assistance,Personal and Domestic Services
92100000,Public order and safety,National Defence and Public Order and Security and Safety Services
92101500,Police services,National Defence and Public Order and Security and Safety Services
92110000,Military services and national defence,National Defence and Public Order and Security and Safety Services
92111700,Military science and research,National Defence and Public Order and Security and Safety Services
92120000,Security and personal safety,National Defence and Public Order and Security and Safety Services
92121504,Security guard services,National Defence and Public Order and Security and Safety Services
93100000,Political systems and institutions,Politics and Civic Affairs Services
93110000,Socio political conditions,Politics and Civic Affairs Services
93120000,International relations,Politics and Civic Affairs Services
93121502,Consular services,Politics and Civic Affairs Services
93130000,Humanitarian aid and relief,Politics and Civic Affairs Services
93131500,Refugee programs,Politics and Civic Affairs Services
93131700,Health programs,Politics and Civic Affairs Services
93131701,Anti tobacco campaigns,Politics and Civic Affairs Services
93131703,Research programs,Politics and Civic Affairs Services
93131705,Drug abuse prevention or control programs,Politics and Civic Affairs Services
93131800,Disaster preparedness and relief,Politics and Civic Affairs Services
93140000,Community and social services,Politics and Civic Affairs Services
93141707,Cultural heritage preservation or promotion services,Politics and Civic Affairs Services
93141805,Employment services,Politics and Civic Affairs Services
93141808,Occupational health or safety services,Politics and Civic Affairs Services
93150000,Public administration and finance services,Politics and Civic Affairs Services
93151501,Public enterprises management or financial services,Politics and Civic Affairs Services
93151505,Administrative agencies services,Politics and Civic Affairs Services
93151510,Administrative fees or tax collection services,Politics and Civic Affairs Services
93151515,National planning services,Politics and Civic Affairs Services
93160000,Taxation,Politics and Civic Affairs Services
93161602,Land tax,Politics and Civic Affairs Services
93170000,Trade policy and regulation,Politics and Civic Affairs Services
94100000,Work related organisations,Organisations and Clubs
94101600,Professional associations,Organisations and Clubs
94110000,Religious organisations,Organisations and Clubs
94120000,Clubs,Organisations and Clubs
94130000,Civic organisations and associations and movements,Organisations and Clubs
